user_id,firstName,lastName
900,Lee,Boyer
901,Emma,Harvey
902,Lamar,Burgess
903,Teegan,Barton
904,Rashad,Charles
905,Hiroko,Douglas
906,Halla,Hurst
907,Kitra,Blair
908,Forrest,Velez
909,Brett,Battle
910,Hedwig,Kirby
911,Camilla,Jensen
912,Maxine,Underwood
913,Drake,Larson
914,Hanna,Merritt
915,Brent,Nicholson
916,Mannix,Blanchard
917,Hector,Garza
918,Chloe,Hensley
919,Fay,Cook
920,Ezekiel,Marshall
921,Colt,Espinoza
922,Caryn,Rollins
923,Palmer,Rios
924,Brett,Aguilar
925,Ryan,Valdez
926,Abraham,Morton
927,Olympia,Mcmillan
928,Adria,Ferguson
929,Gisela,Davidson
930,Savannah,Martinez
931,Tyler,Macdonald
932,Oliver,Mccullough
933,Lunea,Lowery
934,Vladimir,Sweet
935,Hollee,Phelps
936,Eleanor,Porter
937,Rebekah,Malone
938,Jamal,Beck
939,Hashim,Montgomery
940,Selma,Daniel
941,Valentine,Forbes
942,Audra,Mccarty
943,Walter,Meyers
944,Nasim,Blackburn
945,Dorothy,Beck
946,Ivan,Strong
947,Teegan,Donovan
948,Ray,Burns
949,Reese,Nielsen
950,Samuel,Flynn
951,Nyssa,Solis
952,John,Travis
953,Clark,Church
954,Edward,Blevins
955,Venus,Phelps
956,Gloria,Vang
957,Ila,Shepard
958,Marshall,Cameron
959,Zachary,Rivera
960,Hector,Perkins
961,Brady,Lowery
962,Piper,Hardin
963,Idona,Love
964,Damian,Lawrence
965,Channing,Harmon
966,Myles,Peck
967,Jakeem,Howard
968,Tad,Goodman
969,Sawyer,Barr
970,Sonya,Barnes
971,Penelope,Parker
972,Indira,Shaw
973,Hannah,Wiggins
974,Graiden,May
975,Allen,Gonzalez
976,Felicia,Chavez
977,Zelenia,French
978,Dorian,Murphy
979,Kaitlin,Fields
980,Scarlett,Goodman
981,Emery,Bright
982,Austin,Day
983,Michael,Rutledge
984,Brendan,Best
985,Portia,Barnett
986,Jesse,Crosby
987,Blake,Campbell
988,Athena,Good
989,Lareina,Knight
990,Oleg,Bonner
991,Kirby,Mcgowan
992,Dante,Hancock
993,Yuli,Parrish
994,Raven,Witt
995,Fuller,Holland
996,Wing,Lynch
997,Stuart,Cruz
998,Cadman,Paul
999,Cara,Dorsey
1000,Jaden,Atkinson
1001,Justina,Foster
1002,Lewis,Christian
1003,Fleur,Parks
1004,Yoshi,Ingram
1005,Lana,Holt
1006,Uta,Pollard
1007,Lysandra,Welch
1008,Ori,Rivera
1009,Nehru,Spears
1010,Chase,Ayala
1011,Lael,Price
1012,Zia,Davis
1013,Chase,Dudley
1014,Deborah,Barlow
1015,Gemma,Madden
1016,Alexis,Vincent
1017,Aurora,Kramer
1018,Sean,Morrow
1019,Desirae,Jensen
1020,Meredith,Walls
1021,Echo,Monroe
1022,Hayfa,Hart
1023,Cole,Huff
1024,Boris,Huber
1025,Paloma,Dickerson
1026,Madeson,Quinn
1027,Steven,Dodson
1028,Lev,Roth
1029,Selma,Buckley
1030,Ali,Mendoza
1031,Indira,Flynn
1032,Rana,Houston
1033,Ray,Shepard
1034,Dennis,Galloway
1035,Paula,Horne
1036,Hyatt,Gamble
1037,Elijah,Rivas
1038,Octavius,Hudson
1039,Alyssa,Chavez
1040,Tanya,Hogan
1041,Perry,Hogan
1042,Perry,Gilliam
1043,Armand,Pearson
1044,Faith,Battle
1045,Joel,Cote
1046,Quamar,Hines
1047,Galena,Rodriquez
1048,Gay,Barnes
1049,Minerva,Simmons
1050,Fallon,Wood
1051,Sandra,Lowery
1052,Joshua,Hayden
1053,Janna,Bruce
1054,Francesca,Coffey
1055,Simon,O'Neill
1056,Bryar,Wood
1057,Stewart,Coleman
1058,Connor,Lindsay
1059,Bradley,Love
1060,Roanna,Ward
1061,Quynn,Jacobson
1062,Yeo,Benson
1063,Nash,Stephens
1064,Melanie,Snyder
1065,Nicholas,Watson
1066,MacKensie,Weiss
1067,Andrew,Pruitt
1068,Chloe,Hood
1069,Upton,Mayo
1070,Erasmus,Murphy
1071,Tyler,Roberson
1072,Abbot,Brown
1073,Velma,Reed
1074,Edward,Sellers
1075,Uriel,Parsons
1076,Jemima,Salas
1077,Keane,Whitaker
1078,Colt,Lindsay
1079,Signe,Riley
1080,Meghan,Spence
1081,Wylie,Warren
1082,Lucius,Bell
1083,Richard,Decker
1084,Emma,Kane
1085,Megan,Beck
1086,Ray,Melendez
1087,Malcolm,Boone
1088,Noelle,Anderson
1089,Kato,Dudley
1090,Alexandra,Joyner
1091,Yardley,Mcclain
1092,Mariam,Rosa
1093,Mariko,Zimmerman
1094,Illana,Barton
1095,Elizabeth,Estes
1096,Emerald,Miller
1097,Chase,Hanson
1098,Chaney,Bennett
1099,Hope,Cote
1100,Jena,Payne
1101,Camilla,Knapp
1102,Kareem,Goodwin
1103,Tatum,Hobbs
1104,Leila,Hogan
1105,Zenaida,Black
1106,Allistair,Benton
1107,Fitzgerald,Pittman
1108,Bo,Wolfe
1109,Phyllis,Doyle
1110,Karina,Hudson
1111,Rashad,Herrera
1112,Mannix,Hobbs
1113,Iliana,Sampson
1114,Samuel,Barrett
1115,Blossom,Deleon
1116,Lane,Fowler
1117,Stone,Walter
1118,Nayda,Cole
1119,Sonya,Velazquez
1120,Daquan,Barr
1121,Barclay,Bennett
1122,Duncan,Velasquez
1123,Ezekiel,Tate
1124,Kenyon,Kennedy
1125,Sara,Vasquez
1126,Flynn,Reid
1127,Jocelyn,Rice
1128,Macey,Kane
1129,Stewart,Ferguson
1130,Gary,Duran
1131,Hector,Allen
1132,Jolene,Best
1133,Berk,Barnes
1134,Kuame,Fletcher
1135,Kirk,Merritt
1136,Ingrid,Rice
1137,Kenyon,Simpson
1138,Logan,Gutierrez
1139,Halla,Gordon
1140,Edan,Key
1141,Galena,Atkins
1142,Jescie,Mcfarland
1143,Marah,Battle
1144,Ella,Meyers
1145,Grace,Bartlett
1146,Marvin,Waters
1147,Ross,Campos
1148,Gary,Gonzalez
1149,Isabella,Matthews
1150,Burke,Mcclure
1151,Ruby,Baird
1152,Wyatt,Joseph
1153,Graham,Floyd
1154,Mannix,Wolf
1155,Griffith,Harper
1156,Madaline,Frank
1157,Winter,Whitley
1158,Autumn,Velazquez
1159,Aspen,Romero
1160,Christine,Jennings
1161,Hop,Mcleod
1162,Vaughan,Dawson
1163,Bo,Byrd
1164,Brennan,Zimmerman
1165,Adam,Guerrero
1166,Lawrence,Robinson
1167,Irene,Wood
1168,Brielle,Reilly
1169,Noel,Sargent
1170,Neve,Leblanc
1171,Aladdin,Vang
1172,Ashton,Hawkins
1173,Pearl,Nieves
1174,Celeste,Henderson
1175,Stuart,Sears
1176,Levi,Cardenas
1177,Emmanuel,Lawrence
1178,Medge,Rivas
1179,Benedict,Cain
1180,Preston,Frederick
1181,Eve,Merritt
1182,Hasad,Mcintosh
1183,Rhona,Carpenter
1184,Vernon,Walls
1185,Hashim,Smith
1186,Paloma,Ray
1187,Ferdinand,Dalton
1188,Herrod,Mullen
1189,Lucian,Key
1190,Diana,Durham
1191,Dante,Clarke
1192,Damon,Casey
1193,Grady,Avila
1194,Mona,Spencer
1195,Kibo,Grant
1196,Brynne,Goodwin
1197,Edward,Rios
1198,Phoebe,Howe
1199,Merritt,Pruitt
